<?xml version="1.0"?>
<!DOCTYPE hibernate-mapping PUBLIC "-//Hibernate/Hibernate Mapping DTD 3.0//EN"
"http://www.hibernate.org/dtd/hibernate-mapping-3.0.dtd">
<!-- Generated 12/11/2018 06:51:20 by Hibernate Tools 4.3.1 -->
<hibernate-mapping>
    <class name="Projeto.Cerveja" table="cerveja" catalog="cerveja" optimistic-lock="version">
        <id name="id" type="java.lang.Integer">
            <column name="id" />
            <generator class="identity" />
        </id>
        <many-to-one name="fabricante" class="Projeto.Fabricante" fetch="select">
            <column name="fabricante_id" not-null="true" />
        </many-to-one>
        <property name="nome" type="string">
            <column name="nome" />
        </property>
        <property name="coloracao" type="string">
            <column name="coloracao" />
        </property>
        <property name="alcool" type="string">
            <column name="alcool" />
        </property>
    </class>
</hibernate-mapping>
