<?xml version="1.0"?>
<!DOCTYPE hibernate-mapping PUBLIC "-//Hibernate/Hibernate Mapping DTD 3.0//EN"
"http://www.hibernate.org/dtd/hibernate-mapping-3.0.dtd">
<!-- Generated 12/11/2018 06:51:20 by Hibernate Tools 4.3.1 -->
<hibernate-mapping>
    <class name="Projeto.Fabricante" table="fabricante" catalog="cerveja" optimistic-lock="version">
        <id name="id" type="java.lang.Integer">
            <column name="id" />
            <generator class="identity" />
        </id>
        <property name="nome" type="string">
            <column name="nome" />
        </property>
        <property name="local" type="string">
            <column name="local" />
        </property>
        <property name="descricao" type="string">
            <column name="descricao" length="1000" />
        </property>
        <set name="cervejas" table="cerveja" inverse="true" lazy="true" fetch="select">
            <key>
                <column name="fabricante_id" not-null="true" />
            </key>
            <one-to-many class="Projeto.Cerveja" />
        </set>
    </class>
</hibernate-mapping>
